title,date,summary,url,scraped_at
Ministry Of Health,"World No Tobacco Day, 31 May 2017",,https://www.moh.gov.gh/,2025-07-09T14:41:50.853942
Ministry Of Health,"World No Tobacco Day, 31 May 2017",,https://www.moh.gov.gh/,2025-07-09T14:41:50.868564
Ministry Of Health,"World No Tobacco Day, 31 May 2017",,https://www.moh.gov.gh/,2025-07-09T14:41:50.883134
Ministry Of Health,,,https://www.moh.gov.gh/,2025-07-09T14:41:50.897467
Ministry Of Health,,,https://www.moh.gov.gh/,2025-07-09T14:41:50.898295
Ministry Of Health,,,https://www.moh.gov.gh/,2025-07-09T14:41:50.899086
Ministry Of Health,,,https://www.moh.gov.gh/,2025-07-09T14:41:50.899814
Ministry Of Health,,,https://www.moh.gov.gh/,2025-07-09T14:41:50.900779
Health Minister visits UG health facilities,,,https://www.moh.gov.gh/,2025-07-09T14:41:50.924647
Health Minister visits UG health facilities,,,https://www.moh.gov.gh/,2025-07-09T14:41:50.929891
Health Minister visits UG health facilities,,,https://www.moh.gov.gh/,2025-07-09T14:41:50.935121
Health Minister visits UG health facilities,,,https://www.moh.gov.gh/,2025-07-09T14:41:50.940281
Health Minister visits UG health facilities,,,https://www.moh.gov.gh/,2025-07-09T14:41:50.945425
Health Minister visits UG health facilities,,,https://www.moh.gov.gh/,2025-07-09T14:41:50.950537
Health Minister visits UG health facilities,,,https://www.moh.gov.gh/,2025-07-09T14:41:50.955576
Health Minister visits UG health facilities,,,https://www.moh.gov.gh/,2025-07-09T14:41:50.960503
Health Minister visits UG health facilities,,,https://www.moh.gov.gh/,2025-07-09T14:41:50.965377
Health Minister visits UG health facilities,,,https://www.moh.gov.gh/,2025-07-09T14:41:50.970199
Health Minister visits UG health facilities,,,https://www.moh.gov.gh/,2025-07-09T14:41:50.974987
Health Minister visits UG health facilities,,,https://www.moh.gov.gh/,2025-07-09T14:41:50.979707
Health Minister visits UG health facilities,,,https://www.moh.gov.gh/,2025-07-09T14:41:50.980100
Health Minister visits UG health facilities,,,https://www.moh.gov.gh/,2025-07-09T14:41:50.980412
HEALTH MINISTER INAUGURATES BOARDS OF GHANA HEALTH SERVICE AND HO TEACHING HOSPITAL,,,https://www.moh.gov.gh/,2025-07-09T14:41:50.980672
HEALTH MINISTER INAUGURATES BOARDS OF GHANA HEALTH SERVICE AND HO TEACHING HOSPITAL,,,https://www.moh.gov.gh/,2025-07-09T14:41:50.981092
HEALTH MINISTER INAUGURATES BOARDS OF GHANA HEALTH SERVICE AND HO TEACHING HOSPITAL,,,https://www.moh.gov.gh/,2025-07-09T14:41:50.981402
HEALTH MINISTER APPEALS TO STRIKING HEALTH WORKERS TO RETURN TO DUTY,,,https://www.moh.gov.gh/,2025-07-09T14:41:50.981655
HEALTH MINISTER APPEALS TO STRIKING HEALTH WORKERS TO RETURN TO DUTY,,,https://www.moh.gov.gh/,2025-07-09T14:41:50.982076
HEALTH MINISTER APPEALS TO STRIKING HEALTH WORKERS TO RETURN TO DUTY,,,https://www.moh.gov.gh/,2025-07-09T14:41:50.982371
HEALTH MINISTER SWEARS IN NEW BOARDS OF KEY HEALTH AGENCIES,,,https://www.moh.gov.gh/,2025-07-09T14:41:50.982614
HEALTH MINISTER SWEARS IN NEW BOARDS OF KEY HEALTH AGENCIES,,,https://www.moh.gov.gh/,2025-07-09T14:41:50.983015
HEALTH MINISTER SWEARS IN NEW BOARDS OF KEY HEALTH AGENCIES,,,https://www.moh.gov.gh/,2025-07-09T14:41:50.983309
AFRICA CDC DIRECTOR GENERAL PAYS COURTESY CALL ON MINISTER FOR HEALTH,,,https://www.moh.gov.gh/,2025-07-09T14:41:50.983538
AFRICA CDC DIRECTOR GENERAL PAYS COURTESY CALL ON MINISTER FOR HEALTH,,,https://www.moh.gov.gh/,2025-07-09T14:41:50.983925
AFRICA CDC DIRECTOR GENERAL PAYS COURTESY CALL ON MINISTER FOR HEALTH,,,https://www.moh.gov.gh/,2025-07-09T14:41:50.984242
"MoH COMMEMORATES, WORLD HAND HYGIENE DAY",,,https://www.moh.gov.gh/,2025-07-09T14:41:50.984485
"MoH COMMEMORATES, WORLD HAND HYGIENE DAY",,,https://www.moh.gov.gh/,2025-07-09T14:41:50.984890
"MoH COMMEMORATES, WORLD HAND HYGIENE DAY",,,https://www.moh.gov.gh/,2025-07-09T14:41:50.985176
PRESIDENT MAHAMA LAUNCHES GHANA MEDICAL TRUST FUND TO SUPPORT CHRONIC DISEASE CARE,,,https://www.moh.gov.gh/,2025-07-09T14:41:50.985405
PRESIDENT MAHAMA LAUNCHES GHANA MEDICAL TRUST FUND TO SUPPORT CHRONIC DISEASE CARE,,,https://www.moh.gov.gh/,2025-07-09T14:41:50.985817
PRESIDENT MAHAMA LAUNCHES GHANA MEDICAL TRUST FUND TO SUPPORT CHRONIC DISEASE CARE,,,https://www.moh.gov.gh/,2025-07-09T14:41:50.986118
MINISTRY OF HEALTH ENGAGES GMA AND FACILITY HEADS ON SYSTEMIC CHALLENGES IN HEALTHCARE,,,https://www.moh.gov.gh/,2025-07-09T14:41:50.986348
MINISTRY OF HEALTH ENGAGES GMA AND FACILITY HEADS ON SYSTEMIC CHALLENGES IN HEALTHCARE,,,https://www.moh.gov.gh/,2025-07-09T14:41:50.986748
MINISTRY OF HEALTH ENGAGES GMA AND FACILITY HEADS ON SYSTEMIC CHALLENGES IN HEALTHCARE,,,https://www.moh.gov.gh/,2025-07-09T14:41:50.987033
HEALTH MINISTER DONATES MEDICAL EQUIPMENT TO TAMALE TEACHING HOSPITAL,,,https://www.moh.gov.gh/,2025-07-09T14:41:50.987263
HEALTH MINISTER DONATES MEDICAL EQUIPMENT TO TAMALE TEACHING HOSPITAL,,,https://www.moh.gov.gh/,2025-07-09T14:41:50.987662
HEALTH MINISTER DONATES MEDICAL EQUIPMENT TO TAMALE TEACHING HOSPITAL,,,https://www.moh.gov.gh/,2025-07-09T14:41:50.987946
MINISTER FOR HEALTH HOLDS EMERGENCY STAKEHOLDER MEETING WITH PRINCIPALS AND DIRECTORS OF HEALTH TRAINING INSTITUTIONS,,,https://www.moh.gov.gh/,2025-07-09T14:41:50.988191
MINISTER FOR HEALTH HOLDS EMERGENCY STAKEHOLDER MEETING WITH PRINCIPALS AND DIRECTORS OF HEALTH TRAINING INSTITUTIONS,,,https://www.moh.gov.gh/,2025-07-09T14:41:50.988609
MINISTER FOR HEALTH HOLDS EMERGENCY STAKEHOLDER MEETING WITH PRINCIPALS AND DIRECTORS OF HEALTH TRAINING INSTITUTIONS,,,https://www.moh.gov.gh/,2025-07-09T14:41:50.988895
Minister for Health commissioned Kpone Municipal Hospital,,,https://www.moh.gov.gh/,2025-07-09T14:41:50.989137
Minister for Health commissioned Kpone Municipal Hospital,,,https://www.moh.gov.gh/,2025-07-09T14:41:50.989518
Minister for Health commissioned Kpone Municipal Hospital,,,https://www.moh.gov.gh/,2025-07-09T14:41:50.989828
National Policy on Health Workforce Policy held by Ministry of Health,,,https://www.moh.gov.gh/,2025-07-09T14:41:50.990057
National Policy on Health Workforce Policy held by Ministry of Health,,,https://www.moh.gov.gh/,2025-07-09T14:41:50.990456
National Policy on Health Workforce Policy held by Ministry of Health,,,https://www.moh.gov.gh/,2025-07-09T14:41:50.990741
Minister for Health and Social Protection in Morocco paid a courtesy visit to Ghana’s Minister for Health,,,https://www.moh.gov.gh/,2025-07-09T14:41:50.990969
Minister for Health and Social Protection in Morocco paid a courtesy visit to Ghana’s Minister for Health,,,https://www.moh.gov.gh/,2025-07-09T14:41:50.991377
Minister for Health and Social Protection in Morocco paid a courtesy visit to Ghana’s Minister for Health,,,https://www.moh.gov.gh/,2025-07-09T14:41:50.991671
GAVI mission paid a courtesy call on Minister for Health,,,https://www.moh.gov.gh/,2025-07-09T14:41:50.991924
GAVI mission paid a courtesy call on Minister for Health,,,https://www.moh.gov.gh/,2025-07-09T14:41:50.992323
GAVI mission paid a courtesy call on Minister for Health,,,https://www.moh.gov.gh/,2025-07-09T14:41:50.992606
"Minister for Health inaugurates Ghana National Surgical, Obstetric, and Anesthesia Plan (NSOAP)",,,https://www.moh.gov.gh/,2025-07-09T14:41:50.992849
"Minister for Health inaugurates Ghana National Surgical, Obstetric, and Anesthesia Plan (NSOAP)",,,https://www.moh.gov.gh/,2025-07-09T14:41:50.993230
"Minister for Health inaugurates Ghana National Surgical, Obstetric, and Anesthesia Plan (NSOAP)",,,https://www.moh.gov.gh/,2025-07-09T14:41:50.993513
Ministry of Health destroyed large consignment of illicit opioid-containing drugs,,,https://www.moh.gov.gh/,2025-07-09T14:41:50.993766
Ministry of Health destroyed large consignment of illicit opioid-containing drugs,,,https://www.moh.gov.gh/,2025-07-09T14:41:50.994163
Ministry of Health destroyed large consignment of illicit opioid-containing drugs,,,https://www.moh.gov.gh/,2025-07-09T14:41:50.994447
Ghana AIDS Commission DG paid a courtesy call on Health Minister,,,https://www.moh.gov.gh/,2025-07-09T14:41:50.994674
Ghana AIDS Commission DG paid a courtesy call on Health Minister,,,https://www.moh.gov.gh/,2025-07-09T14:41:50.995056
Ghana AIDS Commission DG paid a courtesy call on Health Minister,,,https://www.moh.gov.gh/,2025-07-09T14:41:50.995339
Egyptian Ambassador to Ghana paid a courtesy call on Health Minister,,,https://www.moh.gov.gh/,2025-07-09T14:41:50.995565
Egyptian Ambassador to Ghana paid a courtesy call on Health Minister,,,https://www.moh.gov.gh/,2025-07-09T14:41:50.995943
Egyptian Ambassador to Ghana paid a courtesy call on Health Minister,,,https://www.moh.gov.gh/,2025-07-09T14:41:50.996225
UNFPA Country Rep. paid a courtesy call on Health Minister,,,https://www.moh.gov.gh/,2025-07-09T14:41:50.996452
UNFPA Country Rep. paid a courtesy call on Health Minister,,,https://www.moh.gov.gh/,2025-07-09T14:41:50.996833
UNFPA Country Rep. paid a courtesy call on Health Minister,,,https://www.moh.gov.gh/,2025-07-09T14:41:50.997124
Ministry of Health commemorates 2025 world TB Day,,,https://www.moh.gov.gh/,2025-07-09T14:41:50.997352
Ministry of Health commemorates 2025 world TB Day,,,https://www.moh.gov.gh/,2025-07-09T14:41:50.997775
Ministry of Health commemorates 2025 world TB Day,,,https://www.moh.gov.gh/,2025-07-09T14:41:50.998078
Hon. Minister for Health inaugurates Ghana Medical Trust Fund (MahamaCares) Taskforce,,,https://www.moh.gov.gh/,2025-07-09T14:41:50.998306
Hon. Minister for Health inaugurates Ghana Medical Trust Fund (MahamaCares) Taskforce,,,https://www.moh.gov.gh/,2025-07-09T14:41:50.998704
Hon. Minister for Health inaugurates Ghana Medical Trust Fund (MahamaCares) Taskforce,,,https://www.moh.gov.gh/,2025-07-09T14:41:50.998988
Minister for Health paid a working visit to Ahanta West Municipal Hospital,,,https://www.moh.gov.gh/,2025-07-09T14:41:50.999215
Minister for Health paid a working visit to Ahanta West Municipal Hospital,,,https://www.moh.gov.gh/,2025-07-09T14:41:50.999610
Minister for Health paid a working visit to Ahanta West Municipal Hospital,,,https://www.moh.gov.gh/,2025-07-09T14:41:50.999908
Minister for Health embarked on a visit to Agenda 111 sites in Ashanti Region,,,https://www.moh.gov.gh/,2025-07-09T14:41:51.000135
Minister for Health embarked on a visit to Agenda 111 sites in Ashanti Region,,,https://www.moh.gov.gh/,2025-07-09T14:41:51.000532
Minister for Health embarked on a visit to Agenda 111 sites in Ashanti Region,,,https://www.moh.gov.gh/,2025-07-09T14:41:51.000814
WAHO DG paid a courtesy call on Minister for Health,,,https://www.moh.gov.gh/,2025-07-09T14:41:51.001041
WAHO DG paid a courtesy call on Minister for Health,,,https://www.moh.gov.gh/,2025-07-09T14:41:51.001439
WAHO DG paid a courtesy call on Minister for Health,,,https://www.moh.gov.gh/,2025-07-09T14:41:51.001745
Minister for Health commissions KOFIH Health Centre,,,https://www.moh.gov.gh/,2025-07-09T14:41:51.001974
Minister for Health commissions KOFIH Health Centre,,,https://www.moh.gov.gh/,2025-07-09T14:41:51.002370
Minister for Health commissions KOFIH Health Centre,,,https://www.moh.gov.gh/,2025-07-09T14:41:51.002652
World Bank Operational Manager paid a courtesy call on Minister for Health,,,https://www.moh.gov.gh/,2025-07-09T14:41:51.002896
World Bank Operational Manager paid a courtesy call on Minister for Health,,,https://www.moh.gov.gh/,2025-07-09T14:41:51.003292
World Bank Operational Manager paid a courtesy call on Minister for Health,,,https://www.moh.gov.gh/,2025-07-09T14:41:51.003576
Korean Ambassador to Ghana paid a courtesy call on Minister for Health,,,https://www.moh.gov.gh/,2025-07-09T14:41:51.003817
Korean Ambassador to Ghana paid a courtesy call on Minister for Health,,,https://www.moh.gov.gh/,2025-07-09T14:41:51.004211
Korean Ambassador to Ghana paid a courtesy call on Minister for Health,,,https://www.moh.gov.gh/,2025-07-09T14:41:51.004508
Health Minister visit Central Region on cholera cases,,,https://www.moh.gov.gh/,2025-07-09T14:41:51.004736
Health Minister visit Central Region on cholera cases,,,https://www.moh.gov.gh/,2025-07-09T14:41:51.005133
Health Minister visit Central Region on cholera cases,,,https://www.moh.gov.gh/,2025-07-09T14:41:51.005416
US AMBASSADOR CALLS ON HEALTH MINISTER TO DISCUSS USAID FUNDING AND HEALTHCARE IMPROVEMENTS,,,https://www.moh.gov.gh/,2025-07-09T14:41:51.005652
US AMBASSADOR CALLS ON HEALTH MINISTER TO DISCUSS USAID FUNDING AND HEALTHCARE IMPROVEMENTS,,,https://www.moh.gov.gh/,2025-07-09T14:41:51.006050
US AMBASSADOR CALLS ON HEALTH MINISTER TO DISCUSS USAID FUNDING AND HEALTHCARE IMPROVEMENTS,,,https://www.moh.gov.gh/,2025-07-09T14:41:51.006350
Minister for Health pays a working visit to Upper West on Meningitis fight,,,https://www.moh.gov.gh/,2025-07-09T14:41:51.006579
Minister for Health pays a working visit to Upper West on Meningitis fight,,,https://www.moh.gov.gh/,2025-07-09T14:41:51.006978
Minister for Health pays a working visit to Upper West on Meningitis fight,,,https://www.moh.gov.gh/,2025-07-09T14:41:51.007262
Ministry of Health welcomes Minister,,,https://www.moh.gov.gh/,2025-07-09T14:41:51.007488
Ministry of Health welcomes Minister,,,https://www.moh.gov.gh/,2025-07-09T14:41:51.007885
Ministry of Health welcomes Minister,,,https://www.moh.gov.gh/,2025-07-09T14:41:51.008166
President John Mahama sworn in Hon. Kwabena Mintah Akandoh as the Minister of Health,,,https://www.moh.gov.gh/,2025-07-09T14:41:51.008409
President John Mahama sworn in Hon. Kwabena Mintah Akandoh as the Minister of Health,,,https://www.moh.gov.gh/,2025-07-09T14:41:51.008806
President John Mahama sworn in Hon. Kwabena Mintah Akandoh as the Minister of Health,,,https://www.moh.gov.gh/,2025-07-09T14:41:51.009089
Our Leadership,,,https://www.moh.gov.gh/,2025-07-09T14:41:51.009573
Our Leadership,,,https://www.moh.gov.gh/,2025-07-09T14:41:51.010317
Our Leadership,,,https://www.moh.gov.gh/,2025-07-09T14:41:51.011031
Our Leadership,,,https://www.moh.gov.gh/,2025-07-09T14:41:51.011669
Our Leadership,,,https://www.moh.gov.gh/,2025-07-09T14:41:51.012265
Our Leadership,,,https://www.moh.gov.gh/,2025-07-09T14:41:51.012790
Our Leadership,,,https://www.moh.gov.gh/,2025-07-09T14:41:51.013275
Our Leadership,,,https://www.moh.gov.gh/,2025-07-09T14:41:51.013698
Kwabena Mintah Akandoh (MP),,,https://www.moh.gov.gh/,2025-07-09T14:41:51.013917
Kwabena Mintah Akandoh (MP),,,https://www.moh.gov.gh/,2025-07-09T14:41:51.014299
"Recent News, Events & Press Realeases",,,https://www.moh.gov.gh/,2025-07-09T14:41:51.014615
"Recent News, Events & Press Realeases",,,https://www.moh.gov.gh/,2025-07-09T14:41:51.016315
"Recent News, Events & Press Realeases",,,https://www.moh.gov.gh/,2025-07-09T14:41:51.017973
"Recent News, Events & Press Realeases",,,https://www.moh.gov.gh/,2025-07-09T14:41:51.019554
"Recent News, Events & Press Realeases",,,https://www.moh.gov.gh/,2025-07-09T14:41:51.021088
"Recent News, Events & Press Realeases",,,https://www.moh.gov.gh/,2025-07-09T14:41:51.022569
"Recent News, Events & Press Realeases",,,https://www.moh.gov.gh/,2025-07-09T14:41:51.023995
"Recent News, Events & Press Realeases",,,https://www.moh.gov.gh/,2025-07-09T14:41:51.025349
Health Minister visits UG health facilities,,,https://www.moh.gov.gh/,2025-07-09T14:41:51.026007
Health Minister visits UG health facilities,,,https://www.moh.gov.gh/,2025-07-09T14:41:51.027517
Health Minister visits UG health facilities,,,https://www.moh.gov.gh/,2025-07-09T14:41:51.028717
Health Minister visits UG health facilities,,,https://www.moh.gov.gh/,2025-07-09T14:41:51.029148
Health Minister visits UG health facilities,,,https://www.moh.gov.gh/,2025-07-09T14:41:51.029446
HEALTH MINISTER INAUGURATES BOARDS OF GHANA HEALTH SERVICE AND HO TEACHING HOSPITAL,,,https://www.moh.gov.gh/,2025-07-09T14:41:51.029689
HEALTH MINISTER INAUGURATES BOARDS OF GHANA HEALTH SERVICE AND HO TEACHING HOSPITAL,,,https://www.moh.gov.gh/,2025-07-09T14:41:51.030110
HEALTH MINISTER INAUGURATES BOARDS OF GHANA HEALTH SERVICE AND HO TEACHING HOSPITAL,,,https://www.moh.gov.gh/,2025-07-09T14:41:51.030393
HEALTH MINISTER APPEALS TO STRIKING HEALTH WORKERS TO RETURN TO DUTY,,,https://www.moh.gov.gh/,2025-07-09T14:41:51.030622
HEALTH MINISTER APPEALS TO STRIKING HEALTH WORKERS TO RETURN TO DUTY,,,https://www.moh.gov.gh/,2025-07-09T14:41:51.031044
HEALTH MINISTER APPEALS TO STRIKING HEALTH WORKERS TO RETURN TO DUTY,,,https://www.moh.gov.gh/,2025-07-09T14:41:51.031322
HEALTH MINISTER SWEARS IN NEW BOARDS OF KEY HEALTH AGENCIES,,,https://www.moh.gov.gh/,2025-07-09T14:41:51.031549
HEALTH MINISTER SWEARS IN NEW BOARDS OF KEY HEALTH AGENCIES,,,https://www.moh.gov.gh/,2025-07-09T14:41:51.031977
HEALTH MINISTER SWEARS IN NEW BOARDS OF KEY HEALTH AGENCIES,,,https://www.moh.gov.gh/,2025-07-09T14:41:51.032253
AFRICA CDC DIRECTOR GENERAL PAYS COURTESY CALL ON MINISTER FOR HEALTH,,,https://www.moh.gov.gh/,2025-07-09T14:41:51.032481
AFRICA CDC DIRECTOR GENERAL PAYS COURTESY CALL ON MINISTER FOR HEALTH,,,https://www.moh.gov.gh/,2025-07-09T14:41:51.032901
AFRICA CDC DIRECTOR GENERAL PAYS COURTESY CALL ON MINISTER FOR HEALTH,,,https://www.moh.gov.gh/,2025-07-09T14:41:51.033196
"MoH COMMEMORATES, WORLD HAND HYGIENE DAY",,,https://www.moh.gov.gh/,2025-07-09T14:41:51.033426
"MoH COMMEMORATES, WORLD HAND HYGIENE DAY",,,https://www.moh.gov.gh/,2025-07-09T14:41:51.033857
"MoH COMMEMORATES, WORLD HAND HYGIENE DAY",,,https://www.moh.gov.gh/,2025-07-09T14:41:51.034135
Press Releases,,,https://www.moh.gov.gh/,2025-07-09T14:41:51.034361
Press Releases,,,https://www.moh.gov.gh/,2025-07-09T14:41:51.036636
Press Releases,,,https://www.moh.gov.gh/,2025-07-09T14:41:51.038861
Press Releases,,,https://www.moh.gov.gh/,2025-07-09T14:41:51.041021
Press Releases,,,https://www.moh.gov.gh/,2025-07-09T14:41:51.043141
Press Releases,,,https://www.moh.gov.gh/,2025-07-09T14:41:51.044541
Press Releases,,,https://www.moh.gov.gh/,2025-07-09T14:41:51.045403
Press Releases,,,https://www.moh.gov.gh/,2025-07-09T14:41:51.046204
Press Release: Completed hospitals under Agenda 111,,,https://www.moh.gov.gh/,2025-07-09T14:41:51.046430
Press Release: Completed hospitals under Agenda 111,,,https://www.moh.gov.gh/,2025-07-09T14:41:51.047275
Press Release: Report on Investigation into alleged abandonment of patient at Ojobi,,,https://www.moh.gov.gh/,2025-07-09T14:41:51.047509
Press Release – Release of funds to clear GF commodities.jpeg,,,https://www.moh.gov.gh/,2025-07-09T14:41:51.047743
Publication,,,https://www.moh.gov.gh/,2025-07-09T14:41:51.048075
Publication,,,https://www.moh.gov.gh/,2025-07-09T14:41:51.048772
Publication,,,https://www.moh.gov.gh/,2025-07-09T14:41:51.049410
Capital Projects,"World No Tobacco Day, 31 May 2017",,https://www.moh.gov.gh/,2025-07-09T14:41:51.058488
Capital Projects,"World No Tobacco Day, 31 May 2017",,https://www.moh.gov.gh/,2025-07-09T14:41:51.060754
Capital Projects,"World No Tobacco Day, 31 May 2017",,https://www.moh.gov.gh/,2025-07-09T14:41:51.062868
Capital Projects,"World No Tobacco Day, 31 May 2017",,https://www.moh.gov.gh/,2025-07-09T14:41:51.064899
Capital Projects,,,https://www.moh.gov.gh/,2025-07-09T14:41:51.066899
Capital Projects,,,https://www.moh.gov.gh/,2025-07-09T14:41:51.068140
Capital Projects,,,https://www.moh.gov.gh/,2025-07-09T14:41:51.068793
Capital Projects,,,https://www.moh.gov.gh/,2025-07-09T14:41:51.069408
Programme Updates,,,https://www.moh.gov.gh/,2025-07-09T14:41:51.071177
Programme Updates,,,https://www.moh.gov.gh/,2025-07-09T14:41:51.071952
Programme Updates,,,https://www.moh.gov.gh/,2025-07-09T14:41:51.072728
National E-Health Project with Bio-surveillance (Early Warning) System,,,https://www.moh.gov.gh/,2025-07-09T14:41:51.072993
National E-Health Project with Bio-surveillance (Early Warning) System,,,https://www.moh.gov.gh/,2025-07-09T14:41:51.073815
QualityRights in Mental Health – Ghana Project,,,https://www.moh.gov.gh/,2025-07-09T14:41:51.074038
Nutrition and Malaria Control for Child Survival,,,https://www.moh.gov.gh/,2025-07-09T14:41:51.074263
Allied Health Professions Council,,,https://www.moh.gov.gh/,2025-07-09T14:41:51.095018
Allied Health Professions Council,,,https://www.moh.gov.gh/,2025-07-09T14:41:51.095756
Center for Scientific Research into Plant Medicine,,,https://www.moh.gov.gh/,2025-07-09T14:41:51.096007
Christian Health Association of Ghana,,,https://www.moh.gov.gh/,2025-07-09T14:41:51.096253
Our Address & Contacts,,Ministry of Health– P.O.Box M 44Sekou Toure AvenueNorth RidgeAdjacent National Health Insurance Head Office,https://www.moh.gov.gh/,2025-07-09T14:41:51.107621
Our Address & Contacts,,Ministry of Health– P.O.Box M 44Sekou Toure AvenueNorth RidgeAdjacent National Health Insurance Head Office,https://www.moh.gov.gh/,2025-07-09T14:41:51.109910
Our Address & Contacts,,Ministry of Health– P.O.Box M 44Sekou Toure AvenueNorth RidgeAdjacent National Health Insurance Head Office,https://www.moh.gov.gh/,2025-07-09T14:41:51.112182
Our Address & Contacts,,Ministry of Health– P.O.Box M 44Sekou Toure AvenueNorth RidgeAdjacent National Health Insurance Head Office,https://www.moh.gov.gh/,2025-07-09T14:41:51.114410
Our Address & Contacts,,Ministry of Health– P.O.Box M 44Sekou Toure AvenueNorth RidgeAdjacent National Health Insurance Head Office,https://www.moh.gov.gh/,2025-07-09T14:41:51.118937
Our Address & Contacts,,Ministry of Health– P.O.Box M 44Sekou Toure AvenueNorth RidgeAdjacent National Health Insurance Head Office,https://www.moh.gov.gh/,2025-07-09T14:41:51.119423
Our Address & Contacts,,Ministry of Health– P.O.Box M 44Sekou Toure AvenueNorth RidgeAdjacent National Health Insurance Head Office,https://www.moh.gov.gh/,2025-07-09T14:41:51.119923
Useful Links,,,https://www.moh.gov.gh/,2025-07-09T14:41:51.123401
Useful Links,,,https://www.moh.gov.gh/,2025-07-09T14:41:51.123921
Useful Links,,,https://www.moh.gov.gh/,2025-07-09T14:41:51.124444
News & Events,"World No Tobacco Day, 31 May 2017",Health Minister Visits University of Ghana Health Facilities Ahead of Parliamentary COVID-19 Briefing Ahead of his upcoming parliamentary briefing on…,https://www.moh.gov.gh/category/news/,2025-07-09T14:41:51.670785
News & Events,"World No Tobacco Day, 31 May 2017",Health Minister Visits University of Ghana Health Facilities Ahead of Parliamentary COVID-19 Briefing Ahead of his upcoming parliamentary briefing on…,https://www.moh.gov.gh/category/news/,2025-07-09T14:41:51.681201
News & Events,"World No Tobacco Day, 31 May 2017",Health Minister Visits University of Ghana Health Facilities Ahead of Parliamentary COVID-19 Briefing Ahead of his upcoming parliamentary briefing on…,https://www.moh.gov.gh/category/news/,2025-07-09T14:41:51.691620
News & Events,"World No Tobacco Day, 31 May 2017",Health Minister Visits University of Ghana Health Facilities Ahead of Parliamentary COVID-19 Briefing Ahead of his upcoming parliamentary briefing on…,https://www.moh.gov.gh/category/news/,2025-07-09T14:41:51.728807
News & Events,"World No Tobacco Day, 31 May 2017",Health Minister Visits University of Ghana Health Facilities Ahead of Parliamentary COVID-19 Briefing Ahead of his upcoming parliamentary briefing on…,https://www.moh.gov.gh/category/news/,2025-07-09T14:41:51.733085
News & Events,,Health Minister Visits University of Ghana Health Facilities Ahead of Parliamentary COVID-19 Briefing Ahead of his upcoming parliamentary briefing on…,https://www.moh.gov.gh/category/news/,2025-07-09T14:41:51.737391
Health Minister visits UG health facilities,,Health Minister Visits University of Ghana Health Facilities Ahead of Parliamentary COVID-19 Briefing Ahead of his upcoming parliamentary briefing on…,https://www.moh.gov.gh/category/news/,2025-07-09T14:41:51.740234
Health Minister visits UG health facilities,,Health Minister Visits University of Ghana Health Facilities Ahead of Parliamentary COVID-19 Briefing Ahead of his upcoming parliamentary briefing on…,https://www.moh.gov.gh/category/news/,2025-07-09T14:41:51.742909
Health Minister visits UG health facilities,,Health Minister Visits University of Ghana Health Facilities Ahead of Parliamentary COVID-19 Briefing Ahead of his upcoming parliamentary briefing on…,https://www.moh.gov.gh/category/news/,2025-07-09T14:41:51.745507
Health Minister visits UG health facilities,,Health Minister Visits University of Ghana Health Facilities Ahead of Parliamentary COVID-19 Briefing Ahead of his upcoming parliamentary briefing on…,https://www.moh.gov.gh/category/news/,2025-07-09T14:41:51.748084
HEALTH MINISTER INAUGURATES BOARDS OF GHANA HEALTH SERVICE AND HO TEACHING HOSPITAL,,"The Minister for Health, Hon. Kwabena Mintah Akandoh, has officially inaugurated the newly appointed board members of the Ghana Health…",https://www.moh.gov.gh/category/news/,2025-07-09T14:41:51.748945
HEALTH MINISTER APPEALS TO STRIKING HEALTH WORKERS TO RETURN TO DUTY,,"The Minister of Health, Hon. Kwabena Mintah Akandoh, has made a heartfelt appeal to Ghana Registered Nurses and Midwives Association…",https://www.moh.gov.gh/category/news/,2025-07-09T14:41:51.749744
HEALTH MINISTER SWEARS IN NEW BOARDS OF KEY HEALTH AGENCIES,,"In a move to strengthen Ghana’s health system, the Minister for Health Hon. Kwabena Mintah Akandoh has officially sworn in…",https://www.moh.gov.gh/category/news/,2025-07-09T14:41:51.750532
AFRICA CDC DIRECTOR GENERAL PAYS COURTESY CALL ON MINISTER FOR HEALTH,,"The Director-General of the Africa Centres for Disease Control and Prevention (Africa CDC), Dr. Jean Kaseya, has paid a courtesy…",https://www.moh.gov.gh/category/news/,2025-07-09T14:41:51.751314
"MoH COMMEMORATES, WORLD HAND HYGIENE DAY",,"The Ministry of Health has joined the global health community today to commemorate World Hand Hygiene Day, reaffirming Ghana’s commitment…",https://www.moh.gov.gh/category/news/,2025-07-09T14:41:51.752098
"HEALTH MINISTER INAUGURATES BOARDS OF KEY HEALTH INSTITUTIONS, CALLS FOR ACCOUNTABILITY AND REFORM",,"The Minister for Health, Hon. Kwabena Mintah Akandoh, has inaugurated the newly appointed boards of the Korle Bu, Komfo Anokye,…",https://www.moh.gov.gh/category/news/,2025-07-09T14:41:51.752881
PRESIDENT MAHAMA LAUNCHES GHANA MEDICAL TRUST FUND TO SUPPORT CHRONIC DISEASE CARE,,"The President of the Republic of Ghana, His Excellency John Dramani Mahama, has officially launched the Ghana Medical Trust Fund,…",https://www.moh.gov.gh/category/news/,2025-07-09T14:41:51.753672
MINISTRY OF HEALTH ENGAGES GMA AND FACILITY HEADS ON SYSTEMIC CHALLENGES IN HEALTHCARE,,"The Minister for Health, Hon. Kwabena Mintah Akandoh, has held a strategic meeting with executives of the Ghana Medical Association…",https://www.moh.gov.gh/category/news/,2025-07-09T14:41:51.754455
HEALTH MINISTER DONATES MEDICAL EQUIPMENT TO TAMALE TEACHING HOSPITAL,,"The Minister for Health Hon. Kwabena Miintah Akandoh has reiterated government’s commitment to address long-standing challenges in the health sector,…",https://www.moh.gov.gh/category/news/,2025-07-09T14:41:51.755238
Our Address & Contacts,,Ministry of Health– P.O.Box M 44Sekou Toure AvenueNorth RidgeAdjacent National Health Insurance Head Office,https://www.moh.gov.gh/category/news/,2025-07-09T14:41:51.772914
Our Address & Contacts,,Ministry of Health– P.O.Box M 44Sekou Toure AvenueNorth RidgeAdjacent National Health Insurance Head Office,https://www.moh.gov.gh/category/news/,2025-07-09T14:41:51.775188
Our Address & Contacts,,Ministry of Health– P.O.Box M 44Sekou Toure AvenueNorth RidgeAdjacent National Health Insurance Head Office,https://www.moh.gov.gh/category/news/,2025-07-09T14:41:51.777480
Our Address & Contacts,,Ministry of Health– P.O.Box M 44Sekou Toure AvenueNorth RidgeAdjacent National Health Insurance Head Office,https://www.moh.gov.gh/category/news/,2025-07-09T14:41:51.779721
Our Address & Contacts,,Ministry of Health– P.O.Box M 44Sekou Toure AvenueNorth RidgeAdjacent National Health Insurance Head Office,https://www.moh.gov.gh/category/news/,2025-07-09T14:41:51.784288
Our Address & Contacts,,Ministry of Health– P.O.Box M 44Sekou Toure AvenueNorth RidgeAdjacent National Health Insurance Head Office,https://www.moh.gov.gh/category/news/,2025-07-09T14:41:51.784784
Our Address & Contacts,,Ministry of Health– P.O.Box M 44Sekou Toure AvenueNorth RidgeAdjacent National Health Insurance Head Office,https://www.moh.gov.gh/category/news/,2025-07-09T14:41:51.785281
Useful Links,,,https://www.moh.gov.gh/category/news/,2025-07-09T14:41:51.788787
Useful Links,,,https://www.moh.gov.gh/category/news/,2025-07-09T14:41:51.789319
Useful Links,,,https://www.moh.gov.gh/category/news/,2025-07-09T14:41:51.789855
Press Releases,Press Release: Update on COVID-19 suspected case reported at Korle-Bu on 5th March,http://www.moh.gov.gh/wp-content/uploads/2025/03/press-1.jpg http://www.moh.gov.gh/wp-content/uploads/2025/03/press-2.jpg,https://www.moh.gov.gh/category/press-releases/,2025-07-09T14:41:52.398981
Press Releases,Press Release: Update on COVID-19 suspected case reported at Korle-Bu on 5th March,http://www.moh.gov.gh/wp-content/uploads/2025/03/press-1.jpg http://www.moh.gov.gh/wp-content/uploads/2025/03/press-2.jpg,https://www.moh.gov.gh/category/press-releases/,2025-07-09T14:41:52.408408
Press Releases,Press Release: Update on COVID-19 suspected case reported at Korle-Bu on 5th March,http://www.moh.gov.gh/wp-content/uploads/2025/03/press-1.jpg http://www.moh.gov.gh/wp-content/uploads/2025/03/press-2.jpg,https://www.moh.gov.gh/category/press-releases/,2025-07-09T14:41:52.417866
Press Releases,Press Release: Update on COVID-19 suspected case reported at Korle-Bu on 5th March,http://www.moh.gov.gh/wp-content/uploads/2025/03/press-1.jpg http://www.moh.gov.gh/wp-content/uploads/2025/03/press-2.jpg,https://www.moh.gov.gh/category/press-releases/,2025-07-09T14:41:52.453797
Press Releases,Press Release: Update on COVID-19 suspected case reported at Korle-Bu on 5th March,http://www.moh.gov.gh/wp-content/uploads/2025/03/press-1.jpg http://www.moh.gov.gh/wp-content/uploads/2025/03/press-2.jpg,https://www.moh.gov.gh/category/press-releases/,2025-07-09T14:41:52.457125
Press Releases,Press Release: Update on COVID-19 suspected case reported at Korle-Bu on 5th March,http://www.moh.gov.gh/wp-content/uploads/2025/03/press-1.jpg http://www.moh.gov.gh/wp-content/uploads/2025/03/press-2.jpg,https://www.moh.gov.gh/category/press-releases/,2025-07-09T14:41:52.460510
Press Release: Completed hospitals under Agenda 111,Press Release: Update on COVID-19 suspected case reported at Korle-Bu on 5th March,http://www.moh.gov.gh/wp-content/uploads/2025/03/press-1.jpg http://www.moh.gov.gh/wp-content/uploads/2025/03/press-2.jpg,https://www.moh.gov.gh/category/press-releases/,2025-07-09T14:41:52.462914
Press Release: Completed hospitals under Agenda 111,Press Release: Update on COVID-19 suspected case reported at Korle-Bu on 5th March,http://www.moh.gov.gh/wp-content/uploads/2025/03/press-1.jpg http://www.moh.gov.gh/wp-content/uploads/2025/03/press-2.jpg,https://www.moh.gov.gh/category/press-releases/,2025-07-09T14:41:52.465188
Press Release: Completed hospitals under Agenda 111,Press Release: Update on COVID-19 suspected case reported at Korle-Bu on 5th March,http://www.moh.gov.gh/wp-content/uploads/2025/03/press-1.jpg http://www.moh.gov.gh/wp-content/uploads/2025/03/press-2.jpg,https://www.moh.gov.gh/category/press-releases/,2025-07-09T14:41:52.467444
Press Release: Completed hospitals under Agenda 111,,http://www.moh.gov.gh/wp-content/uploads/2025/03/press-1.jpg http://www.moh.gov.gh/wp-content/uploads/2025/03/press-2.jpg,https://www.moh.gov.gh/category/press-releases/,2025-07-09T14:41:52.469727
Press Release: Report on Investigation into alleged abandonment of patient at Ojobi,,Click to download Press Release                               …,https://www.moh.gov.gh/category/press-releases/,2025-07-09T14:41:52.470578
Press Release – Release of funds to clear GF commodities.jpeg,,Press Release – Release of funds to clear GF commodities.jpeg,https://www.moh.gov.gh/category/press-releases/,2025-07-09T14:41:52.471361
Press Release : Procurement of Janssen Vaccines,,Download Statement,https://www.moh.gov.gh/category/press-releases/,2025-07-09T14:41:52.472156
Ministerial Directive on wearing face mask in public places,,Ministerial Directive on wearing mask in Public Places to prevent COVID-19 DOWNLOAD PRESS STATEMENT,https://www.moh.gov.gh/category/press-releases/,2025-07-09T14:41:52.472939
TRANSPORT SERVICES FOR HEALTH WORKERS,,"The Ministry of Transport, Ministry of Health and the Board of Directors of Greater Accra Passenger Transport Executive (GAPTE) are…",https://www.moh.gov.gh/category/press-releases/,2025-07-09T14:41:52.473722
Press Release: Update on COVID-19 suspected case reported at Korle-Bu on 5th March,Press Release: Update on COVID-19 suspected case reported at Korle-Bu on 5th March,Update on COVID-19 SUSPECTED CASE REPORTED AT KORLE-BU ON 5TH MARCH DOWNLOAD FULL STATEMENT,https://www.moh.gov.gh/category/press-releases/,2025-07-09T14:41:52.474503
Press Release: Update on Corona Virus Disease (COVID-19),,The Ministry of Health/Ghana Health Service has received news of the confirmation of the first case of Coronavirus Disease (COVID-19)…,https://www.moh.gov.gh/category/press-releases/,2025-07-09T14:41:52.475262
Public Announcement – Relocation of MOH,,Relocation of MOH,https://www.moh.gov.gh/category/press-releases/,2025-07-09T14:41:52.476040
Press Release – Government of Ghana partner with Novartis,,Government of Ghana makes hydroxyurea available to people with sickle cell disease through first of its kind public-private partnership with…,https://www.moh.gov.gh/category/press-releases/,2025-07-09T14:41:52.476821
Our Address & Contacts,,Ministry of Health– P.O.Box M 44Sekou Toure AvenueNorth RidgeAdjacent National Health Insurance Head Office,https://www.moh.gov.gh/category/press-releases/,2025-07-09T14:41:52.494430
Our Address & Contacts,,Ministry of Health– P.O.Box M 44Sekou Toure AvenueNorth RidgeAdjacent National Health Insurance Head Office,https://www.moh.gov.gh/category/press-releases/,2025-07-09T14:41:52.496679
Our Address & Contacts,,Ministry of Health– P.O.Box M 44Sekou Toure AvenueNorth RidgeAdjacent National Health Insurance Head Office,https://www.moh.gov.gh/category/press-releases/,2025-07-09T14:41:52.498936
Our Address & Contacts,,Ministry of Health– P.O.Box M 44Sekou Toure AvenueNorth RidgeAdjacent National Health Insurance Head Office,https://www.moh.gov.gh/category/press-releases/,2025-07-09T14:41:52.501153
Our Address & Contacts,,Ministry of Health– P.O.Box M 44Sekou Toure AvenueNorth RidgeAdjacent National Health Insurance Head Office,https://www.moh.gov.gh/category/press-releases/,2025-07-09T14:41:52.505660
Our Address & Contacts,,Ministry of Health– P.O.Box M 44Sekou Toure AvenueNorth RidgeAdjacent National Health Insurance Head Office,https://www.moh.gov.gh/category/press-releases/,2025-07-09T14:41:52.506157
Our Address & Contacts,,Ministry of Health– P.O.Box M 44Sekou Toure AvenueNorth RidgeAdjacent National Health Insurance Head Office,https://www.moh.gov.gh/category/press-releases/,2025-07-09T14:41:52.506636
Useful Links,,,https://www.moh.gov.gh/category/press-releases/,2025-07-09T14:41:52.510097
Useful Links,,,https://www.moh.gov.gh/category/press-releases/,2025-07-09T14:41:52.510625
Useful Links,,,https://www.moh.gov.gh/category/press-releases/,2025-07-09T14:41:52.511144
Press Release: Completed hospitals under Agenda 111,"World No Tobacco Day, 31 May 2017",http://www.moh.gov.gh/wp-content/uploads/2025/03/press-1.jpg,https://www.moh.gov.gh/5790-2/,2025-07-09T14:41:53.195980
Press Release: Completed hospitals under Agenda 111,"World No Tobacco Day, 31 May 2017",http://www.moh.gov.gh/wp-content/uploads/2025/03/press-1.jpg,https://www.moh.gov.gh/5790-2/,2025-07-09T14:41:53.205114
Press Release: Completed hospitals under Agenda 111,"World No Tobacco Day, 31 May 2017",http://www.moh.gov.gh/wp-content/uploads/2025/03/press-1.jpg,https://www.moh.gov.gh/5790-2/,2025-07-09T14:41:53.217489
Press Release: Completed hospitals under Agenda 111,"World No Tobacco Day, 31 May 2017",http://www.moh.gov.gh/wp-content/uploads/2025/03/press-1.jpg,https://www.moh.gov.gh/5790-2/,2025-07-09T14:41:53.253402
Press Release: Completed hospitals under Agenda 111,"World No Tobacco Day, 31 May 2017",http://www.moh.gov.gh/wp-content/uploads/2025/03/press-1.jpg,https://www.moh.gov.gh/5790-2/,2025-07-09T14:41:53.256328
Press Release: Completed hospitals under Agenda 111,,http://www.moh.gov.gh/wp-content/uploads/2025/03/press-1.jpg,https://www.moh.gov.gh/5790-2/,2025-07-09T14:41:53.259307
Press Release: Completed hospitals under Agenda 111,,http://www.moh.gov.gh/wp-content/uploads/2025/03/press-1.jpg,https://www.moh.gov.gh/5790-2/,2025-07-09T14:41:53.260838
Press Release: Completed hospitals under Agenda 111,,,https://www.moh.gov.gh/5790-2/,2025-07-09T14:41:53.262331
Our Address & Contacts,,Ministry of Health– P.O.Box M 44Sekou Toure AvenueNorth RidgeAdjacent National Health Insurance Head Office,https://www.moh.gov.gh/5790-2/,2025-07-09T14:41:53.282176
Our Address & Contacts,,Ministry of Health– P.O.Box M 44Sekou Toure AvenueNorth RidgeAdjacent National Health Insurance Head Office,https://www.moh.gov.gh/5790-2/,2025-07-09T14:41:53.284438
Our Address & Contacts,,Ministry of Health– P.O.Box M 44Sekou Toure AvenueNorth RidgeAdjacent National Health Insurance Head Office,https://www.moh.gov.gh/5790-2/,2025-07-09T14:41:53.286707
Our Address & Contacts,,Ministry of Health– P.O.Box M 44Sekou Toure AvenueNorth RidgeAdjacent National Health Insurance Head Office,https://www.moh.gov.gh/5790-2/,2025-07-09T14:41:53.288928
Our Address & Contacts,,Ministry of Health– P.O.Box M 44Sekou Toure AvenueNorth RidgeAdjacent National Health Insurance Head Office,https://www.moh.gov.gh/5790-2/,2025-07-09T14:41:53.293433
Our Address & Contacts,,Ministry of Health– P.O.Box M 44Sekou Toure AvenueNorth RidgeAdjacent National Health Insurance Head Office,https://www.moh.gov.gh/5790-2/,2025-07-09T14:41:53.293939
Our Address & Contacts,,Ministry of Health– P.O.Box M 44Sekou Toure AvenueNorth RidgeAdjacent National Health Insurance Head Office,https://www.moh.gov.gh/5790-2/,2025-07-09T14:41:53.294421
Useful Links,,,https://www.moh.gov.gh/5790-2/,2025-07-09T14:41:53.297899
Useful Links,,,https://www.moh.gov.gh/5790-2/,2025-07-09T14:41:53.298431
Useful Links,,,https://www.moh.gov.gh/5790-2/,2025-07-09T14:41:53.298957
Press Release: Completed hospitals under Agenda 111,"World No Tobacco Day, 31 May 2017",http://www.moh.gov.gh/wp-content/uploads/2025/03/press-1.jpg,https://www.moh.gov.gh/5790-2/,2025-07-09T14:41:53.926133
Press Release: Completed hospitals under Agenda 111,"World No Tobacco Day, 31 May 2017",http://www.moh.gov.gh/wp-content/uploads/2025/03/press-1.jpg,https://www.moh.gov.gh/5790-2/,2025-07-09T14:41:53.935298
Press Release: Completed hospitals under Agenda 111,"World No Tobacco Day, 31 May 2017",http://www.moh.gov.gh/wp-content/uploads/2025/03/press-1.jpg,https://www.moh.gov.gh/5790-2/,2025-07-09T14:41:53.944357
Press Release: Completed hospitals under Agenda 111,"World No Tobacco Day, 31 May 2017",http://www.moh.gov.gh/wp-content/uploads/2025/03/press-1.jpg,https://www.moh.gov.gh/5790-2/,2025-07-09T14:41:53.979352
Press Release: Completed hospitals under Agenda 111,"World No Tobacco Day, 31 May 2017",http://www.moh.gov.gh/wp-content/uploads/2025/03/press-1.jpg,https://www.moh.gov.gh/5790-2/,2025-07-09T14:41:53.982291
Press Release: Completed hospitals under Agenda 111,,http://www.moh.gov.gh/wp-content/uploads/2025/03/press-1.jpg,https://www.moh.gov.gh/5790-2/,2025-07-09T14:41:53.985280
Press Release: Completed hospitals under Agenda 111,,http://www.moh.gov.gh/wp-content/uploads/2025/03/press-1.jpg,https://www.moh.gov.gh/5790-2/,2025-07-09T14:41:53.986818
Press Release: Completed hospitals under Agenda 111,,,https://www.moh.gov.gh/5790-2/,2025-07-09T14:41:53.988289
Our Address & Contacts,,Ministry of Health– P.O.Box M 44Sekou Toure AvenueNorth RidgeAdjacent National Health Insurance Head Office,https://www.moh.gov.gh/5790-2/,2025-07-09T14:41:54.008089
Our Address & Contacts,,Ministry of Health– P.O.Box M 44Sekou Toure AvenueNorth RidgeAdjacent National Health Insurance Head Office,https://www.moh.gov.gh/5790-2/,2025-07-09T14:41:54.010329
Our Address & Contacts,,Ministry of Health– P.O.Box M 44Sekou Toure AvenueNorth RidgeAdjacent National Health Insurance Head Office,https://www.moh.gov.gh/5790-2/,2025-07-09T14:41:54.012579
Our Address & Contacts,,Ministry of Health– P.O.Box M 44Sekou Toure AvenueNorth RidgeAdjacent National Health Insurance Head Office,https://www.moh.gov.gh/5790-2/,2025-07-09T14:41:54.014799
Our Address & Contacts,,Ministry of Health– P.O.Box M 44Sekou Toure AvenueNorth RidgeAdjacent National Health Insurance Head Office,https://www.moh.gov.gh/5790-2/,2025-07-09T14:41:54.019279
Our Address & Contacts,,Ministry of Health– P.O.Box M 44Sekou Toure AvenueNorth RidgeAdjacent National Health Insurance Head Office,https://www.moh.gov.gh/5790-2/,2025-07-09T14:41:54.019778
Our Address & Contacts,,Ministry of Health– P.O.Box M 44Sekou Toure AvenueNorth RidgeAdjacent National Health Insurance Head Office,https://www.moh.gov.gh/5790-2/,2025-07-09T14:41:54.020269
Useful Links,,,https://www.moh.gov.gh/5790-2/,2025-07-09T14:41:54.023720
Useful Links,,,https://www.moh.gov.gh/5790-2/,2025-07-09T14:41:54.024249
Useful Links,,,https://www.moh.gov.gh/5790-2/,2025-07-09T14:41:54.024772
Press Release: Report on Investigation into alleged abandonment of patient at Ojobi,"World No Tobacco Day, 31 May 2017",Ministry of Health– P.O.Box M 44Sekou Toure AvenueNorth RidgeAdjacent National Health Insurance Head Office,https://www.moh.gov.gh/press-release-report-on-investigation-into-alleged-abandonment-of-patient-at-ojobi/,2025-07-09T14:41:54.660335
Press Release: Report on Investigation into alleged abandonment of patient at Ojobi,"World No Tobacco Day, 31 May 2017",Ministry of Health– P.O.Box M 44Sekou Toure AvenueNorth RidgeAdjacent National Health Insurance Head Office,https://www.moh.gov.gh/press-release-report-on-investigation-into-alleged-abandonment-of-patient-at-ojobi/,2025-07-09T14:41:54.669917
Press Release: Report on Investigation into alleged abandonment of patient at Ojobi,"World No Tobacco Day, 31 May 2017",Ministry of Health– P.O.Box M 44Sekou Toure AvenueNorth RidgeAdjacent National Health Insurance Head Office,https://www.moh.gov.gh/press-release-report-on-investigation-into-alleged-abandonment-of-patient-at-ojobi/,2025-07-09T14:41:54.679523
Press Release: Report on Investigation into alleged abandonment of patient at Ojobi,"World No Tobacco Day, 31 May 2017",,https://www.moh.gov.gh/press-release-report-on-investigation-into-alleged-abandonment-of-patient-at-ojobi/,2025-07-09T14:41:54.715418
Press Release: Report on Investigation into alleged abandonment of patient at Ojobi,"World No Tobacco Day, 31 May 2017",,https://www.moh.gov.gh/press-release-report-on-investigation-into-alleged-abandonment-of-patient-at-ojobi/,2025-07-09T14:41:54.718721
Press Release: Report on Investigation into alleged abandonment of patient at Ojobi,,,https://www.moh.gov.gh/press-release-report-on-investigation-into-alleged-abandonment-of-patient-at-ojobi/,2025-07-09T14:41:54.722129
Press Release: Report on Investigation into alleged abandonment of patient at Ojobi,,,https://www.moh.gov.gh/press-release-report-on-investigation-into-alleged-abandonment-of-patient-at-ojobi/,2025-07-09T14:41:54.723813
Press Release: Report on Investigation into alleged abandonment of patient at Ojobi,,,https://www.moh.gov.gh/press-release-report-on-investigation-into-alleged-abandonment-of-patient-at-ojobi/,2025-07-09T14:41:54.725434
Click to download,,,https://www.moh.gov.gh/press-release-report-on-investigation-into-alleged-abandonment-of-patient-at-ojobi/,2025-07-09T14:41:54.726327
Our Address & Contacts,,Ministry of Health– P.O.Box M 44Sekou Toure AvenueNorth RidgeAdjacent National Health Insurance Head Office,https://www.moh.gov.gh/press-release-report-on-investigation-into-alleged-abandonment-of-patient-at-ojobi/,2025-07-09T14:41:54.745454
Our Address & Contacts,,Ministry of Health– P.O.Box M 44Sekou Toure AvenueNorth RidgeAdjacent National Health Insurance Head Office,https://www.moh.gov.gh/press-release-report-on-investigation-into-alleged-abandonment-of-patient-at-ojobi/,2025-07-09T14:41:54.747685
Our Address & Contacts,,Ministry of Health– P.O.Box M 44Sekou Toure AvenueNorth RidgeAdjacent National Health Insurance Head Office,https://www.moh.gov.gh/press-release-report-on-investigation-into-alleged-abandonment-of-patient-at-ojobi/,2025-07-09T14:41:54.749950
Our Address & Contacts,,Ministry of Health– P.O.Box M 44Sekou Toure AvenueNorth RidgeAdjacent National Health Insurance Head Office,https://www.moh.gov.gh/press-release-report-on-investigation-into-alleged-abandonment-of-patient-at-ojobi/,2025-07-09T14:41:54.752139
Our Address & Contacts,,Ministry of Health– P.O.Box M 44Sekou Toure AvenueNorth RidgeAdjacent National Health Insurance Head Office,https://www.moh.gov.gh/press-release-report-on-investigation-into-alleged-abandonment-of-patient-at-ojobi/,2025-07-09T14:41:54.756622
Our Address & Contacts,,Ministry of Health– P.O.Box M 44Sekou Toure AvenueNorth RidgeAdjacent National Health Insurance Head Office,https://www.moh.gov.gh/press-release-report-on-investigation-into-alleged-abandonment-of-patient-at-ojobi/,2025-07-09T14:41:54.757117
Our Address & Contacts,,Ministry of Health– P.O.Box M 44Sekou Toure AvenueNorth RidgeAdjacent National Health Insurance Head Office,https://www.moh.gov.gh/press-release-report-on-investigation-into-alleged-abandonment-of-patient-at-ojobi/,2025-07-09T14:41:54.757609
Useful Links,,,https://www.moh.gov.gh/press-release-report-on-investigation-into-alleged-abandonment-of-patient-at-ojobi/,2025-07-09T14:41:54.761045
Useful Links,,,https://www.moh.gov.gh/press-release-report-on-investigation-into-alleged-abandonment-of-patient-at-ojobi/,2025-07-09T14:41:54.761570
Useful Links,,,https://www.moh.gov.gh/press-release-report-on-investigation-into-alleged-abandonment-of-patient-at-ojobi/,2025-07-09T14:41:54.762086
Press Release – Release of funds to clear GF commodities.jpeg,"World No Tobacco Day, 31 May 2017",Press Release – Release of funds to clear GF commodities.jpeg,https://www.moh.gov.gh/press-release-release-of-funds-to-clear-gf-commodities-jpeg/,2025-07-09T14:41:55.390900
Press Release – Release of funds to clear GF commodities.jpeg,"World No Tobacco Day, 31 May 2017",Press Release – Release of funds to clear GF commodities.jpeg,https://www.moh.gov.gh/press-release-release-of-funds-to-clear-gf-commodities-jpeg/,2025-07-09T14:41:55.400000
Press Release – Release of funds to clear GF commodities.jpeg,"World No Tobacco Day, 31 May 2017",Press Release – Release of funds to clear GF commodities.jpeg,https://www.moh.gov.gh/press-release-release-of-funds-to-clear-gf-commodities-jpeg/,2025-07-09T14:41:55.409143
Press Release – Release of funds to clear GF commodities.jpeg,"World No Tobacco Day, 31 May 2017",Press Release – Release of funds to clear GF commodities.jpeg,https://www.moh.gov.gh/press-release-release-of-funds-to-clear-gf-commodities-jpeg/,2025-07-09T14:41:55.444684
Press Release – Release of funds to clear GF commodities.jpeg,"World No Tobacco Day, 31 May 2017",Press Release – Release of funds to clear GF commodities.jpeg,https://www.moh.gov.gh/press-release-release-of-funds-to-clear-gf-commodities-jpeg/,2025-07-09T14:41:55.447593
Press Release – Release of funds to clear GF commodities.jpeg,,Press Release – Release of funds to clear GF commodities.jpeg,https://www.moh.gov.gh/press-release-release-of-funds-to-clear-gf-commodities-jpeg/,2025-07-09T14:41:55.450534
Press Release – Release of funds to clear GF commodities.jpeg,,Press Release – Release of funds to clear GF commodities.jpeg,https://www.moh.gov.gh/press-release-release-of-funds-to-clear-gf-commodities-jpeg/,2025-07-09T14:41:55.452045
Press Release – Release of funds to clear GF commodities.jpeg,,,https://www.moh.gov.gh/press-release-release-of-funds-to-clear-gf-commodities-jpeg/,2025-07-09T14:41:55.453495
Our Address & Contacts,,Ministry of Health– P.O.Box M 44Sekou Toure AvenueNorth RidgeAdjacent National Health Insurance Head Office,https://www.moh.gov.gh/press-release-release-of-funds-to-clear-gf-commodities-jpeg/,2025-07-09T14:41:55.473234
Our Address & Contacts,,Ministry of Health– P.O.Box M 44Sekou Toure AvenueNorth RidgeAdjacent National Health Insurance Head Office,https://www.moh.gov.gh/press-release-release-of-funds-to-clear-gf-commodities-jpeg/,2025-07-09T14:41:55.475488
Our Address & Contacts,,Ministry of Health– P.O.Box M 44Sekou Toure AvenueNorth RidgeAdjacent National Health Insurance Head Office,https://www.moh.gov.gh/press-release-release-of-funds-to-clear-gf-commodities-jpeg/,2025-07-09T14:41:55.477761
Our Address & Contacts,,Ministry of Health– P.O.Box M 44Sekou Toure AvenueNorth RidgeAdjacent National Health Insurance Head Office,https://www.moh.gov.gh/press-release-release-of-funds-to-clear-gf-commodities-jpeg/,2025-07-09T14:41:55.479959
Our Address & Contacts,,Ministry of Health– P.O.Box M 44Sekou Toure AvenueNorth RidgeAdjacent National Health Insurance Head Office,https://www.moh.gov.gh/press-release-release-of-funds-to-clear-gf-commodities-jpeg/,2025-07-09T14:41:55.484545
Our Address & Contacts,,Ministry of Health– P.O.Box M 44Sekou Toure AvenueNorth RidgeAdjacent National Health Insurance Head Office,https://www.moh.gov.gh/press-release-release-of-funds-to-clear-gf-commodities-jpeg/,2025-07-09T14:41:55.485057
Our Address & Contacts,,Ministry of Health– P.O.Box M 44Sekou Toure AvenueNorth RidgeAdjacent National Health Insurance Head Office,https://www.moh.gov.gh/press-release-release-of-funds-to-clear-gf-commodities-jpeg/,2025-07-09T14:41:55.485518
Useful Links,,,https://www.moh.gov.gh/press-release-release-of-funds-to-clear-gf-commodities-jpeg/,2025-07-09T14:41:55.488959
Useful Links,,,https://www.moh.gov.gh/press-release-release-of-funds-to-clear-gf-commodities-jpeg/,2025-07-09T14:41:55.489483
Useful Links,,,https://www.moh.gov.gh/press-release-release-of-funds-to-clear-gf-commodities-jpeg/,2025-07-09T14:41:55.490014
Ministry Of Health,"World No Tobacco Day, 31 May 2017",,https://www.moh.gov.gh/,2025-07-09T14:41:59.590868
Ministry Of Health,"World No Tobacco Day, 31 May 2017",,https://www.moh.gov.gh/,2025-07-09T14:41:59.605239
Ministry Of Health,"World No Tobacco Day, 31 May 2017",,https://www.moh.gov.gh/,2025-07-09T14:41:59.619537
Ministry Of Health,,,https://www.moh.gov.gh/,2025-07-09T14:41:59.633555
Ministry Of Health,,,https://www.moh.gov.gh/,2025-07-09T14:41:59.634409
Ministry Of Health,,,https://www.moh.gov.gh/,2025-07-09T14:41:59.635172
Ministry Of Health,,,https://www.moh.gov.gh/,2025-07-09T14:41:59.635885
Ministry Of Health,,,https://www.moh.gov.gh/,2025-07-09T14:41:59.636820
Health Minister visits UG health facilities,,,https://www.moh.gov.gh/,2025-07-09T14:41:59.660232
Health Minister visits UG health facilities,,,https://www.moh.gov.gh/,2025-07-09T14:41:59.665351
Health Minister visits UG health facilities,,,https://www.moh.gov.gh/,2025-07-09T14:41:59.670512
Health Minister visits UG health facilities,,,https://www.moh.gov.gh/,2025-07-09T14:41:59.675595
Health Minister visits UG health facilities,,,https://www.moh.gov.gh/,2025-07-09T14:41:59.680633
Health Minister visits UG health facilities,,,https://www.moh.gov.gh/,2025-07-09T14:41:59.685617
Health Minister visits UG health facilities,,,https://www.moh.gov.gh/,2025-07-09T14:41:59.690562
Health Minister visits UG health facilities,,,https://www.moh.gov.gh/,2025-07-09T14:41:59.695427
Health Minister visits UG health facilities,,,https://www.moh.gov.gh/,2025-07-09T14:41:59.700209
Health Minister visits UG health facilities,,,https://www.moh.gov.gh/,2025-07-09T14:41:59.704951
Health Minister visits UG health facilities,,,https://www.moh.gov.gh/,2025-07-09T14:41:59.709656
Health Minister visits UG health facilities,,,https://www.moh.gov.gh/,2025-07-09T14:41:59.714296
Health Minister visits UG health facilities,,,https://www.moh.gov.gh/,2025-07-09T14:41:59.714708
Health Minister visits UG health facilities,,,https://www.moh.gov.gh/,2025-07-09T14:41:59.715016
HEALTH MINISTER INAUGURATES BOARDS OF GHANA HEALTH SERVICE AND HO TEACHING HOSPITAL,,,https://www.moh.gov.gh/,2025-07-09T14:41:59.715276
HEALTH MINISTER INAUGURATES BOARDS OF GHANA HEALTH SERVICE AND HO TEACHING HOSPITAL,,,https://www.moh.gov.gh/,2025-07-09T14:41:59.715679
HEALTH MINISTER INAUGURATES BOARDS OF GHANA HEALTH SERVICE AND HO TEACHING HOSPITAL,,,https://www.moh.gov.gh/,2025-07-09T14:41:59.715996
HEALTH MINISTER APPEALS TO STRIKING HEALTH WORKERS TO RETURN TO DUTY,,,https://www.moh.gov.gh/,2025-07-09T14:41:59.716240
HEALTH MINISTER APPEALS TO STRIKING HEALTH WORKERS TO RETURN TO DUTY,,,https://www.moh.gov.gh/,2025-07-09T14:41:59.716654
HEALTH MINISTER APPEALS TO STRIKING HEALTH WORKERS TO RETURN TO DUTY,,,https://www.moh.gov.gh/,2025-07-09T14:41:59.716933
HEALTH MINISTER SWEARS IN NEW BOARDS OF KEY HEALTH AGENCIES,,,https://www.moh.gov.gh/,2025-07-09T14:41:59.717164
HEALTH MINISTER SWEARS IN NEW BOARDS OF KEY HEALTH AGENCIES,,,https://www.moh.gov.gh/,2025-07-09T14:41:59.717535
HEALTH MINISTER SWEARS IN NEW BOARDS OF KEY HEALTH AGENCIES,,,https://www.moh.gov.gh/,2025-07-09T14:41:59.717856
AFRICA CDC DIRECTOR GENERAL PAYS COURTESY CALL ON MINISTER FOR HEALTH,,,https://www.moh.gov.gh/,2025-07-09T14:41:59.718095
AFRICA CDC DIRECTOR GENERAL PAYS COURTESY CALL ON MINISTER FOR HEALTH,,,https://www.moh.gov.gh/,2025-07-09T14:41:59.718491
AFRICA CDC DIRECTOR GENERAL PAYS COURTESY CALL ON MINISTER FOR HEALTH,,,https://www.moh.gov.gh/,2025-07-09T14:41:59.718771
"MoH COMMEMORATES, WORLD HAND HYGIENE DAY",,,https://www.moh.gov.gh/,2025-07-09T14:41:59.719011
"MoH COMMEMORATES, WORLD HAND HYGIENE DAY",,,https://www.moh.gov.gh/,2025-07-09T14:41:59.719415
"MoH COMMEMORATES, WORLD HAND HYGIENE DAY",,,https://www.moh.gov.gh/,2025-07-09T14:41:59.719702
PRESIDENT MAHAMA LAUNCHES GHANA MEDICAL TRUST FUND TO SUPPORT CHRONIC DISEASE CARE,,,https://www.moh.gov.gh/,2025-07-09T14:41:59.719929
PRESIDENT MAHAMA LAUNCHES GHANA MEDICAL TRUST FUND TO SUPPORT CHRONIC DISEASE CARE,,,https://www.moh.gov.gh/,2025-07-09T14:41:59.720321
PRESIDENT MAHAMA LAUNCHES GHANA MEDICAL TRUST FUND TO SUPPORT CHRONIC DISEASE CARE,,,https://www.moh.gov.gh/,2025-07-09T14:41:59.720603
MINISTRY OF HEALTH ENGAGES GMA AND FACILITY HEADS ON SYSTEMIC CHALLENGES IN HEALTHCARE,,,https://www.moh.gov.gh/,2025-07-09T14:41:59.720857
MINISTRY OF HEALTH ENGAGES GMA AND FACILITY HEADS ON SYSTEMIC CHALLENGES IN HEALTHCARE,,,https://www.moh.gov.gh/,2025-07-09T14:41:59.721249
MINISTRY OF HEALTH ENGAGES GMA AND FACILITY HEADS ON SYSTEMIC CHALLENGES IN HEALTHCARE,,,https://www.moh.gov.gh/,2025-07-09T14:41:59.721532
HEALTH MINISTER DONATES MEDICAL EQUIPMENT TO TAMALE TEACHING HOSPITAL,,,https://www.moh.gov.gh/,2025-07-09T14:41:59.721783
HEALTH MINISTER DONATES MEDICAL EQUIPMENT TO TAMALE TEACHING HOSPITAL,,,https://www.moh.gov.gh/,2025-07-09T14:41:59.722163
HEALTH MINISTER DONATES MEDICAL EQUIPMENT TO TAMALE TEACHING HOSPITAL,,,https://www.moh.gov.gh/,2025-07-09T14:41:59.722459
MINISTER FOR HEALTH HOLDS EMERGENCY STAKEHOLDER MEETING WITH PRINCIPALS AND DIRECTORS OF HEALTH TRAINING INSTITUTIONS,,,https://www.moh.gov.gh/,2025-07-09T14:41:59.722687
MINISTER FOR HEALTH HOLDS EMERGENCY STAKEHOLDER MEETING WITH PRINCIPALS AND DIRECTORS OF HEALTH TRAINING INSTITUTIONS,,,https://www.moh.gov.gh/,2025-07-09T14:41:59.723081
MINISTER FOR HEALTH HOLDS EMERGENCY STAKEHOLDER MEETING WITH PRINCIPALS AND DIRECTORS OF HEALTH TRAINING INSTITUTIONS,,,https://www.moh.gov.gh/,2025-07-09T14:41:59.723362
Minister for Health commissioned Kpone Municipal Hospital,,,https://www.moh.gov.gh/,2025-07-09T14:41:59.723603
Minister for Health commissioned Kpone Municipal Hospital,,,https://www.moh.gov.gh/,2025-07-09T14:41:59.723979
Minister for Health commissioned Kpone Municipal Hospital,,,https://www.moh.gov.gh/,2025-07-09T14:41:59.724259
National Policy on Health Workforce Policy held by Ministry of Health,,,https://www.moh.gov.gh/,2025-07-09T14:41:59.724499
National Policy on Health Workforce Policy held by Ministry of Health,,,https://www.moh.gov.gh/,2025-07-09T14:41:59.724890
National Policy on Health Workforce Policy held by Ministry of Health,,,https://www.moh.gov.gh/,2025-07-09T14:41:59.725170
Minister for Health and Social Protection in Morocco paid a courtesy visit to Ghana’s Minister for Health,,,https://www.moh.gov.gh/,2025-07-09T14:41:59.725395
Minister for Health and Social Protection in Morocco paid a courtesy visit to Ghana’s Minister for Health,,,https://www.moh.gov.gh/,2025-07-09T14:41:59.725805
Minister for Health and Social Protection in Morocco paid a courtesy visit to Ghana’s Minister for Health,,,https://www.moh.gov.gh/,2025-07-09T14:41:59.726109
GAVI mission paid a courtesy call on Minister for Health,,,https://www.moh.gov.gh/,2025-07-09T14:41:59.726344
GAVI mission paid a courtesy call on Minister for Health,,,https://www.moh.gov.gh/,2025-07-09T14:41:59.726737
GAVI mission paid a courtesy call on Minister for Health,,,https://www.moh.gov.gh/,2025-07-09T14:41:59.727015
"Minister for Health inaugurates Ghana National Surgical, Obstetric, and Anesthesia Plan (NSOAP)",,,https://www.moh.gov.gh/,2025-07-09T14:41:59.727242
"Minister for Health inaugurates Ghana National Surgical, Obstetric, and Anesthesia Plan (NSOAP)",,,https://www.moh.gov.gh/,2025-07-09T14:41:59.727635
"Minister for Health inaugurates Ghana National Surgical, Obstetric, and Anesthesia Plan (NSOAP)",,,https://www.moh.gov.gh/,2025-07-09T14:41:59.727916
Ministry of Health destroyed large consignment of illicit opioid-containing drugs,,,https://www.moh.gov.gh/,2025-07-09T14:41:59.728158
Ministry of Health destroyed large consignment of illicit opioid-containing drugs,,,https://www.moh.gov.gh/,2025-07-09T14:41:59.728551
Ministry of Health destroyed large consignment of illicit opioid-containing drugs,,,https://www.moh.gov.gh/,2025-07-09T14:41:59.728832
Ghana AIDS Commission DG paid a courtesy call on Health Minister,,,https://www.moh.gov.gh/,2025-07-09T14:41:59.729059
Ghana AIDS Commission DG paid a courtesy call on Health Minister,,,https://www.moh.gov.gh/,2025-07-09T14:41:59.729452
Ghana AIDS Commission DG paid a courtesy call on Health Minister,,,https://www.moh.gov.gh/,2025-07-09T14:41:59.729743
Egyptian Ambassador to Ghana paid a courtesy call on Health Minister,,,https://www.moh.gov.gh/,2025-07-09T14:41:59.729986
Egyptian Ambassador to Ghana paid a courtesy call on Health Minister,,,https://www.moh.gov.gh/,2025-07-09T14:41:59.730378
Egyptian Ambassador to Ghana paid a courtesy call on Health Minister,,,https://www.moh.gov.gh/,2025-07-09T14:41:59.730658
UNFPA Country Rep. paid a courtesy call on Health Minister,,,https://www.moh.gov.gh/,2025-07-09T14:41:59.730882
UNFPA Country Rep. paid a courtesy call on Health Minister,,,https://www.moh.gov.gh/,2025-07-09T14:41:59.731275
UNFPA Country Rep. paid a courtesy call on Health Minister,,,https://www.moh.gov.gh/,2025-07-09T14:41:59.731554
Ministry of Health commemorates 2025 world TB Day,,,https://www.moh.gov.gh/,2025-07-09T14:41:59.731796
Ministry of Health commemorates 2025 world TB Day,,,https://www.moh.gov.gh/,2025-07-09T14:41:59.732185
Ministry of Health commemorates 2025 world TB Day,,,https://www.moh.gov.gh/,2025-07-09T14:41:59.732467
Hon. Minister for Health inaugurates Ghana Medical Trust Fund (MahamaCares) Taskforce,,,https://www.moh.gov.gh/,2025-07-09T14:41:59.732692
Hon. Minister for Health inaugurates Ghana Medical Trust Fund (MahamaCares) Taskforce,,,https://www.moh.gov.gh/,2025-07-09T14:41:59.733085
Hon. Minister for Health inaugurates Ghana Medical Trust Fund (MahamaCares) Taskforce,,,https://www.moh.gov.gh/,2025-07-09T14:41:59.733389
Minister for Health paid a working visit to Ahanta West Municipal Hospital,,,https://www.moh.gov.gh/,2025-07-09T14:41:59.733624
Minister for Health paid a working visit to Ahanta West Municipal Hospital,,,https://www.moh.gov.gh/,2025-07-09T14:41:59.734020
Minister for Health paid a working visit to Ahanta West Municipal Hospital,,,https://www.moh.gov.gh/,2025-07-09T14:41:59.734301
Minister for Health embarked on a visit to Agenda 111 sites in Ashanti Region,,,https://www.moh.gov.gh/,2025-07-09T14:41:59.734527
Minister for Health embarked on a visit to Agenda 111 sites in Ashanti Region,,,https://www.moh.gov.gh/,2025-07-09T14:41:59.734917
Minister for Health embarked on a visit to Agenda 111 sites in Ashanti Region,,,https://www.moh.gov.gh/,2025-07-09T14:41:59.735211
WAHO DG paid a courtesy call on Minister for Health,,,https://www.moh.gov.gh/,2025-07-09T14:41:59.735438
WAHO DG paid a courtesy call on Minister for Health,,,https://www.moh.gov.gh/,2025-07-09T14:41:59.735828
WAHO DG paid a courtesy call on Minister for Health,,,https://www.moh.gov.gh/,2025-07-09T14:41:59.736106
Minister for Health commissions KOFIH Health Centre,,,https://www.moh.gov.gh/,2025-07-09T14:41:59.736331
Minister for Health commissions KOFIH Health Centre,,,https://www.moh.gov.gh/,2025-07-09T14:41:59.736720
Minister for Health commissions KOFIH Health Centre,,,https://www.moh.gov.gh/,2025-07-09T14:41:59.737020
World Bank Operational Manager paid a courtesy call on Minister for Health,,,https://www.moh.gov.gh/,2025-07-09T14:41:59.737261
World Bank Operational Manager paid a courtesy call on Minister for Health,,,https://www.moh.gov.gh/,2025-07-09T14:41:59.737661
World Bank Operational Manager paid a courtesy call on Minister for Health,,,https://www.moh.gov.gh/,2025-07-09T14:41:59.737941
Korean Ambassador to Ghana paid a courtesy call on Minister for Health,,,https://www.moh.gov.gh/,2025-07-09T14:41:59.738167
Korean Ambassador to Ghana paid a courtesy call on Minister for Health,,,https://www.moh.gov.gh/,2025-07-09T14:41:59.738559
Korean Ambassador to Ghana paid a courtesy call on Minister for Health,,,https://www.moh.gov.gh/,2025-07-09T14:41:59.738838
Health Minister visit Central Region on cholera cases,,,https://www.moh.gov.gh/,2025-07-09T14:41:59.739081
Health Minister visit Central Region on cholera cases,,,https://www.moh.gov.gh/,2025-07-09T14:41:59.739472
Health Minister visit Central Region on cholera cases,,,https://www.moh.gov.gh/,2025-07-09T14:41:59.739751
US AMBASSADOR CALLS ON HEALTH MINISTER TO DISCUSS USAID FUNDING AND HEALTHCARE IMPROVEMENTS,,,https://www.moh.gov.gh/,2025-07-09T14:41:59.739976
US AMBASSADOR CALLS ON HEALTH MINISTER TO DISCUSS USAID FUNDING AND HEALTHCARE IMPROVEMENTS,,,https://www.moh.gov.gh/,2025-07-09T14:41:59.740369
US AMBASSADOR CALLS ON HEALTH MINISTER TO DISCUSS USAID FUNDING AND HEALTHCARE IMPROVEMENTS,,,https://www.moh.gov.gh/,2025-07-09T14:41:59.740650
Minister for Health pays a working visit to Upper West on Meningitis fight,,,https://www.moh.gov.gh/,2025-07-09T14:41:59.740891
Minister for Health pays a working visit to Upper West on Meningitis fight,,,https://www.moh.gov.gh/,2025-07-09T14:41:59.741284
Minister for Health pays a working visit to Upper West on Meningitis fight,,,https://www.moh.gov.gh/,2025-07-09T14:41:59.741565
Ministry of Health welcomes Minister,,,https://www.moh.gov.gh/,2025-07-09T14:41:59.741801
Ministry of Health welcomes Minister,,,https://www.moh.gov.gh/,2025-07-09T14:41:59.742192
Ministry of Health welcomes Minister,,,https://www.moh.gov.gh/,2025-07-09T14:41:59.742486
President John Mahama sworn in Hon. Kwabena Mintah Akandoh as the Minister of Health,,,https://www.moh.gov.gh/,2025-07-09T14:41:59.742711
President John Mahama sworn in Hon. Kwabena Mintah Akandoh as the Minister of Health,,,https://www.moh.gov.gh/,2025-07-09T14:41:59.743106
President John Mahama sworn in Hon. Kwabena Mintah Akandoh as the Minister of Health,,,https://www.moh.gov.gh/,2025-07-09T14:41:59.743387
Our Leadership,,,https://www.moh.gov.gh/,2025-07-09T14:41:59.743867
Our Leadership,,,https://www.moh.gov.gh/,2025-07-09T14:41:59.744589
Our Leadership,,,https://www.moh.gov.gh/,2025-07-09T14:41:59.745283
Our Leadership,,,https://www.moh.gov.gh/,2025-07-09T14:41:59.745923
Our Leadership,,,https://www.moh.gov.gh/,2025-07-09T14:41:59.746514
Our Leadership,,,https://www.moh.gov.gh/,2025-07-09T14:41:59.747030
Our Leadership,,,https://www.moh.gov.gh/,2025-07-09T14:41:59.747509
Our Leadership,,,https://www.moh.gov.gh/,2025-07-09T14:41:59.747919
Kwabena Mintah Akandoh (MP),,,https://www.moh.gov.gh/,2025-07-09T14:41:59.748150
Kwabena Mintah Akandoh (MP),,,https://www.moh.gov.gh/,2025-07-09T14:41:59.748513
"Recent News, Events & Press Realeases",,,https://www.moh.gov.gh/,2025-07-09T14:41:59.748841
"Recent News, Events & Press Realeases",,,https://www.moh.gov.gh/,2025-07-09T14:41:59.750510
"Recent News, Events & Press Realeases",,,https://www.moh.gov.gh/,2025-07-09T14:41:59.752129
"Recent News, Events & Press Realeases",,,https://www.moh.gov.gh/,2025-07-09T14:41:59.753686
"Recent News, Events & Press Realeases",,,https://www.moh.gov.gh/,2025-07-09T14:41:59.755203
"Recent News, Events & Press Realeases",,,https://www.moh.gov.gh/,2025-07-09T14:41:59.756644
"Recent News, Events & Press Realeases",,,https://www.moh.gov.gh/,2025-07-09T14:41:59.758053
"Recent News, Events & Press Realeases",,,https://www.moh.gov.gh/,2025-07-09T14:41:59.759388
Health Minister visits UG health facilities,,,https://www.moh.gov.gh/,2025-07-09T14:41:59.760023
Health Minister visits UG health facilities,,,https://www.moh.gov.gh/,2025-07-09T14:41:59.761524
Health Minister visits UG health facilities,,,https://www.moh.gov.gh/,2025-07-09T14:41:59.762732
Health Minister visits UG health facilities,,,https://www.moh.gov.gh/,2025-07-09T14:41:59.763138
Health Minister visits UG health facilities,,,https://www.moh.gov.gh/,2025-07-09T14:41:59.763415
HEALTH MINISTER INAUGURATES BOARDS OF GHANA HEALTH SERVICE AND HO TEACHING HOSPITAL,,,https://www.moh.gov.gh/,2025-07-09T14:41:59.763659
HEALTH MINISTER INAUGURATES BOARDS OF GHANA HEALTH SERVICE AND HO TEACHING HOSPITAL,,,https://www.moh.gov.gh/,2025-07-09T14:41:59.764074
HEALTH MINISTER INAUGURATES BOARDS OF GHANA HEALTH SERVICE AND HO TEACHING HOSPITAL,,,https://www.moh.gov.gh/,2025-07-09T14:41:59.764349
HEALTH MINISTER APPEALS TO STRIKING HEALTH WORKERS TO RETURN TO DUTY,,,https://www.moh.gov.gh/,2025-07-09T14:41:59.764574
HEALTH MINISTER APPEALS TO STRIKING HEALTH WORKERS TO RETURN TO DUTY,,,https://www.moh.gov.gh/,2025-07-09T14:41:59.764989
HEALTH MINISTER APPEALS TO STRIKING HEALTH WORKERS TO RETURN TO DUTY,,,https://www.moh.gov.gh/,2025-07-09T14:41:59.765264
HEALTH MINISTER SWEARS IN NEW BOARDS OF KEY HEALTH AGENCIES,,,https://www.moh.gov.gh/,2025-07-09T14:41:59.765508
HEALTH MINISTER SWEARS IN NEW BOARDS OF KEY HEALTH AGENCIES,,,https://www.moh.gov.gh/,2025-07-09T14:41:59.765931
HEALTH MINISTER SWEARS IN NEW BOARDS OF KEY HEALTH AGENCIES,,,https://www.moh.gov.gh/,2025-07-09T14:41:59.766205
AFRICA CDC DIRECTOR GENERAL PAYS COURTESY CALL ON MINISTER FOR HEALTH,,,https://www.moh.gov.gh/,2025-07-09T14:41:59.766445
AFRICA CDC DIRECTOR GENERAL PAYS COURTESY CALL ON MINISTER FOR HEALTH,,,https://www.moh.gov.gh/,2025-07-09T14:41:59.766840
AFRICA CDC DIRECTOR GENERAL PAYS COURTESY CALL ON MINISTER FOR HEALTH,,,https://www.moh.gov.gh/,2025-07-09T14:41:59.767111
"MoH COMMEMORATES, WORLD HAND HYGIENE DAY",,,https://www.moh.gov.gh/,2025-07-09T14:41:59.767350
"MoH COMMEMORATES, WORLD HAND HYGIENE DAY",,,https://www.moh.gov.gh/,2025-07-09T14:41:59.767760
"MoH COMMEMORATES, WORLD HAND HYGIENE DAY",,,https://www.moh.gov.gh/,2025-07-09T14:41:59.768031
Press Releases,,,https://www.moh.gov.gh/,2025-07-09T14:41:59.768254
Press Releases,,,https://www.moh.gov.gh/,2025-07-09T14:41:59.770493
Press Releases,,,https://www.moh.gov.gh/,2025-07-09T14:41:59.772673
Press Releases,,,https://www.moh.gov.gh/,2025-07-09T14:41:59.774793
Press Releases,,,https://www.moh.gov.gh/,2025-07-09T14:41:59.776861
Press Releases,,,https://www.moh.gov.gh/,2025-07-09T14:41:59.778247
Press Releases,,,https://www.moh.gov.gh/,2025-07-09T14:41:59.779095
Press Releases,,,https://www.moh.gov.gh/,2025-07-09T14:41:59.779870
Press Release: Completed hospitals under Agenda 111,,,https://www.moh.gov.gh/,2025-07-09T14:41:59.780093
Press Release: Completed hospitals under Agenda 111,,,https://www.moh.gov.gh/,2025-07-09T14:41:59.780918
Press Release: Report on Investigation into alleged abandonment of patient at Ojobi,,,https://www.moh.gov.gh/,2025-07-09T14:41:59.781150
Press Release – Release of funds to clear GF commodities.jpeg,,,https://www.moh.gov.gh/,2025-07-09T14:41:59.781380
Publication,,,https://www.moh.gov.gh/,2025-07-09T14:41:59.781700
Publication,,,https://www.moh.gov.gh/,2025-07-09T14:41:59.782393
Publication,,,https://www.moh.gov.gh/,2025-07-09T14:41:59.783021
Capital Projects,"World No Tobacco Day, 31 May 2017",,https://www.moh.gov.gh/,2025-07-09T14:41:59.791922
Capital Projects,"World No Tobacco Day, 31 May 2017",,https://www.moh.gov.gh/,2025-07-09T14:41:59.794164
Capital Projects,"World No Tobacco Day, 31 May 2017",,https://www.moh.gov.gh/,2025-07-09T14:41:59.796204
Capital Projects,"World No Tobacco Day, 31 May 2017",,https://www.moh.gov.gh/,2025-07-09T14:41:59.798211
Capital Projects,,,https://www.moh.gov.gh/,2025-07-09T14:41:59.800164
Capital Projects,,,https://www.moh.gov.gh/,2025-07-09T14:41:59.801381
Capital Projects,,,https://www.moh.gov.gh/,2025-07-09T14:41:59.802030
Capital Projects,,,https://www.moh.gov.gh/,2025-07-09T14:41:59.802637
Programme Updates,,,https://www.moh.gov.gh/,2025-07-09T14:41:59.804362
Programme Updates,,,https://www.moh.gov.gh/,2025-07-09T14:41:59.805123
Programme Updates,,,https://www.moh.gov.gh/,2025-07-09T14:41:59.805900
National E-Health Project with Bio-surveillance (Early Warning) System,,,https://www.moh.gov.gh/,2025-07-09T14:41:59.806162
National E-Health Project with Bio-surveillance (Early Warning) System,,,https://www.moh.gov.gh/,2025-07-09T14:41:59.806961
QualityRights in Mental Health – Ghana Project,,,https://www.moh.gov.gh/,2025-07-09T14:41:59.807209
Nutrition and Malaria Control for Child Survival,,,https://www.moh.gov.gh/,2025-07-09T14:41:59.807454
Allied Health Professions Council,,,https://www.moh.gov.gh/,2025-07-09T14:41:59.828245
Allied Health Professions Council,,,https://www.moh.gov.gh/,2025-07-09T14:41:59.828965
Center for Scientific Research into Plant Medicine,,,https://www.moh.gov.gh/,2025-07-09T14:41:59.829212
Christian Health Association of Ghana,,,https://www.moh.gov.gh/,2025-07-09T14:41:59.829456
Our Address & Contacts,,Ministry of Health– P.O.Box M 44Sekou Toure AvenueNorth RidgeAdjacent National Health Insurance Head Office,https://www.moh.gov.gh/,2025-07-09T14:41:59.840549
Our Address & Contacts,,Ministry of Health– P.O.Box M 44Sekou Toure AvenueNorth RidgeAdjacent National Health Insurance Head Office,https://www.moh.gov.gh/,2025-07-09T14:41:59.842764
Our Address & Contacts,,Ministry of Health– P.O.Box M 44Sekou Toure AvenueNorth RidgeAdjacent National Health Insurance Head Office,https://www.moh.gov.gh/,2025-07-09T14:41:59.844991
Our Address & Contacts,,Ministry of Health– P.O.Box M 44Sekou Toure AvenueNorth RidgeAdjacent National Health Insurance Head Office,https://www.moh.gov.gh/,2025-07-09T14:41:59.847183
Our Address & Contacts,,Ministry of Health– P.O.Box M 44Sekou Toure AvenueNorth RidgeAdjacent National Health Insurance Head Office,https://www.moh.gov.gh/,2025-07-09T14:41:59.851614
Our Address & Contacts,,Ministry of Health– P.O.Box M 44Sekou Toure AvenueNorth RidgeAdjacent National Health Insurance Head Office,https://www.moh.gov.gh/,2025-07-09T14:41:59.852105
Our Address & Contacts,,Ministry of Health– P.O.Box M 44Sekou Toure AvenueNorth RidgeAdjacent National Health Insurance Head Office,https://www.moh.gov.gh/,2025-07-09T14:41:59.852589
Useful Links,,,https://www.moh.gov.gh/,2025-07-09T14:41:59.855997
Useful Links,,,https://www.moh.gov.gh/,2025-07-09T14:41:59.856508
Useful Links,,,https://www.moh.gov.gh/,2025-07-09T14:41:59.857036
National E-Health Project with Bio-surveillance (Early Warning) System,"World No Tobacco Day, 31 May 2017",Implementation of the National E-Health Project,https://www.moh.gov.gh/national-e-health-project-with-bio-surveillance-early-warning-system/,2025-07-09T14:42:00.617965
National E-Health Project with Bio-surveillance (Early Warning) System,"World No Tobacco Day, 31 May 2017",Implementation of the National E-Health Project,https://www.moh.gov.gh/national-e-health-project-with-bio-surveillance-early-warning-system/,2025-07-09T14:42:00.630335
National E-Health Project with Bio-surveillance (Early Warning) System,"World No Tobacco Day, 31 May 2017",Implementation of the National E-Health Project,https://www.moh.gov.gh/national-e-health-project-with-bio-surveillance-early-warning-system/,2025-07-09T14:42:00.642674
National E-Health Project with Bio-surveillance (Early Warning) System,"World No Tobacco Day, 31 May 2017",Implementation of the National E-Health Project,https://www.moh.gov.gh/national-e-health-project-with-bio-surveillance-early-warning-system/,2025-07-09T14:42:00.680769
National E-Health Project with Bio-surveillance (Early Warning) System,"World No Tobacco Day, 31 May 2017",Implementation of the National E-Health Project,https://www.moh.gov.gh/national-e-health-project-with-bio-surveillance-early-warning-system/,2025-07-09T14:42:00.687095
National E-Health Project with Bio-surveillance (Early Warning) System,,Implementation of the National E-Health Project,https://www.moh.gov.gh/national-e-health-project-with-bio-surveillance-early-warning-system/,2025-07-09T14:42:00.693436
National E-Health Project with Bio-surveillance (Early Warning) System,,Implementation of the National E-Health Project,https://www.moh.gov.gh/national-e-health-project-with-bio-surveillance-early-warning-system/,2025-07-09T14:42:00.698374
National E-Health Project with Bio-surveillance (Early Warning) System,,,https://www.moh.gov.gh/national-e-health-project-with-bio-surveillance-early-warning-system/,2025-07-09T14:42:00.703207
Our Address & Contacts,,Ministry of Health– P.O.Box M 44Sekou Toure AvenueNorth RidgeAdjacent National Health Insurance Head Office,https://www.moh.gov.gh/national-e-health-project-with-bio-surveillance-early-warning-system/,2025-07-09T14:42:00.729170
Our Address & Contacts,,Ministry of Health– P.O.Box M 44Sekou Toure AvenueNorth RidgeAdjacent National Health Insurance Head Office,https://www.moh.gov.gh/national-e-health-project-with-bio-surveillance-early-warning-system/,2025-07-09T14:42:00.731405
Our Address & Contacts,,Ministry of Health– P.O.Box M 44Sekou Toure AvenueNorth RidgeAdjacent National Health Insurance Head Office,https://www.moh.gov.gh/national-e-health-project-with-bio-surveillance-early-warning-system/,2025-07-09T14:42:00.733641
Our Address & Contacts,,Ministry of Health– P.O.Box M 44Sekou Toure AvenueNorth RidgeAdjacent National Health Insurance Head Office,https://www.moh.gov.gh/national-e-health-project-with-bio-surveillance-early-warning-system/,2025-07-09T14:42:00.735840
Our Address & Contacts,,Ministry of Health– P.O.Box M 44Sekou Toure AvenueNorth RidgeAdjacent National Health Insurance Head Office,https://www.moh.gov.gh/national-e-health-project-with-bio-surveillance-early-warning-system/,2025-07-09T14:42:00.740282
Our Address & Contacts,,Ministry of Health– P.O.Box M 44Sekou Toure AvenueNorth RidgeAdjacent National Health Insurance Head Office,https://www.moh.gov.gh/national-e-health-project-with-bio-surveillance-early-warning-system/,2025-07-09T14:42:00.740776
Our Address & Contacts,,Ministry of Health– P.O.Box M 44Sekou Toure AvenueNorth RidgeAdjacent National Health Insurance Head Office,https://www.moh.gov.gh/national-e-health-project-with-bio-surveillance-early-warning-system/,2025-07-09T14:42:00.741261
Useful Links,,,https://www.moh.gov.gh/national-e-health-project-with-bio-surveillance-early-warning-system/,2025-07-09T14:42:00.744667
Useful Links,,,https://www.moh.gov.gh/national-e-health-project-with-bio-surveillance-early-warning-system/,2025-07-09T14:42:00.745190
Useful Links,,,https://www.moh.gov.gh/national-e-health-project-with-bio-surveillance-early-warning-system/,2025-07-09T14:42:00.745717
